{"cameraMode":{"drawMode":0,"name":"Shaded","section":"Shading Mode"},"sceneLighting":true,"audioPlay":false,"sceneViewState":{"showFog":true,"showMaterialUpdate":false,"showSkybox":true,"showFlares":true,"showImageEffects":true,"showParticleSystems":true,"showVisualEffectGraphs":true,"m_FxEnabled":true},"in2DMode":false,"pivot":{"x":-1.4980154037475587,"y":0.2822532653808594,"z":1.8693809509277344},"rotation":{"x":0.2113593965768814,"y":-0.017592748627066613,"z":0.003805130021646619,"w":0.9772444367408752},"size":23.742477416992189,"orthographic":false}