{"cameraMode":{"drawMode":0,"name":"Shaded","section":"Shading Mode"},"sceneLighting":true,"audioPlay":false,"sceneViewState":{"showFog":true,"showMaterialUpdate":false,"showSkybox":true,"showFlares":true,"showImageEffects":true,"showParticleSystems":true,"showVisualEffectGraphs":true,"m_FxEnabled":true},"in2DMode":false,"pivot":{"x":2.2021942138671877,"y":19.231355667114259,"z":-0.6295127868652344},"rotation":{"x":0.010498113930225373,"y":-0.019497688859701158,"z":0.00020515211508609354,"w":0.9997546076774597},"size":34.50804138183594,"orthographic":false}