{"cameraMode":{"drawMode":0,"name":"Shaded","section":"Shading Mode"},"sceneLighting":true,"audioPlay":false,"sceneViewState":{"showFog":true,"showMaterialUpdate":false,"showSkybox":true,"showFlares":true,"showImageEffects":true,"showParticleSystems":true,"showVisualEffectGraphs":true,"m_FxEnabled":true},"in2DMode":false,"pivot":{"x":-1.9847850799560547,"y":1.0103740692138672,"z":7.524467468261719},"rotation":{"x":0.17897841334342957,"y":-0.02361055091023445,"z":0.004296523984521627,"w":0.9835610389709473},"size":23.742477416992189,"orthographic":false}