{"cameraMode":{"drawMode":0,"name":"Shaded","section":"Shading Mode"},"sceneLighting":true,"audioPlay":false,"sceneViewState":{"showFog":true,"showMaterialUpdate":false,"showSkybox":true,"showFlares":true,"showImageEffects":true,"showParticleSystems":true,"showVisualEffectGraphs":true,"m_FxEnabled":true},"in2DMode":false,"pivot":{"x":-8.934926986694336,"y":24.570981979370118,"z":93.55415344238281},"rotation":{"x":0.013476838357746601,"y":-0.05245920643210411,"z":0.0007228656322695315,"w":0.9983449578285217},"size":95.3558120727539,"orthographic":false}