{"cameraMode":{"drawMode":0,"name":"Shaded","section":"Shading Mode"},"sceneLighting":true,"audioPlay":false,"sceneViewState":{"showFog":true,"showMaterialUpdate":false,"showSkybox":true,"showFlares":true,"showImageEffects":true,"showParticleSystems":true,"showVisualEffectGraphs":true,"m_FxEnabled":true},"in2DMode":false,"pivot":{"x":-4.061421871185303,"y":11.813331604003907,"z":-19.299856185913087},"rotation":{"x":0.1315358281135559,"y":-0.032709911465644839,"z":0.004313070327043533,"w":0.9906876683235169},"size":9.693817138671875,"orthographic":false}