{"cameraMode":{"drawMode":0,"name":"Shaded","section":"Shading Mode"},"sceneLighting":true,"audioPlay":false,"sceneViewState":{"showFog":true,"showMaterialUpdate":false,"showSkybox":true,"showFlares":true,"showImageEffects":true,"showParticleSystems":true,"showVisualEffectGraphs":true,"m_FxEnabled":true},"in2DMode":false,"pivot":{"x":-3.771745204925537,"y":18.879507064819337,"z":-27.45664405822754},"rotation":{"x":0.008999267593026162,"y":-0.013499406166374684,"z":0.00011099334369646385,"w":0.9998258948326111},"size":9.561908721923829,"orthographic":false}