{"cameraMode":{"drawMode":0,"name":"Shaded","section":"Shading Mode"},"sceneLighting":true,"audioPlay":false,"sceneViewState":{"showFog":true,"showMaterialUpdate":false,"showSkybox":true,"showFlares":true,"showImageEffects":true,"showParticleSystems":true,"showVisualEffectGraphs":true,"m_FxEnabled":true},"in2DMode":false,"pivot":{"x":-23.418399810791017,"y":-0.2940511703491211,"z":6.003400802612305},"rotation":{"x":0.08973295241594315,"y":-0.05673893168568611,"z":0.005119827575981617,"w":0.9943337440490723},"size":15.078163146972657,"orthographic":false}