{"cameraMode":{"drawMode":0,"name":"Shaded","section":"Shading Mode"},"sceneLighting":false,"audioPlay":false,"sceneViewState":{"showFog":true,"showMaterialUpdate":false,"showSkybox":false,"showFlares":true,"showImageEffects":true,"showParticleSystems":true,"showVisualEffectGraphs":true,"m_FxEnabled":true},"in2DMode":false,"pivot":{"x":-5.1352739334106449,"y":1.0080475807189942,"z":39.95713806152344},"rotation":{"x":-0.026993533596396447,"y":-0.010496092960238457,"z":-0.00029388617258518934,"w":0.9995376467704773},"size":13.490987777709961,"orthographic":false}