{"cameraMode":{"drawMode":0,"name":"Shaded","section":"Shading Mode"},"sceneLighting":false,"audioPlay":false,"sceneViewState":{"showFog":true,"showMaterialUpdate":false,"showSkybox":false,"showFlares":true,"showImageEffects":true,"showParticleSystems":true,"showVisualEffectGraphs":true,"m_FxEnabled":true},"in2DMode":false,"pivot":{"x":0.07212305068969727,"y":3.744917392730713,"z":-0.37596893310546877},"rotation":{"x":0.11522450298070908,"y":-0.0149003267288208,"z":0.0017246765783056617,"w":0.9931750297546387},"size":12.131277084350586,"orthographic":false}